{
    "manifestVersion": 1,
    "id": "my-first-extension",
    "publisher": "ssgs",
    "version": "2.1.0",
    "name": "My First Extension",
    "description": "A simple TFS extension",
    "public": false,
  "categories": [ "Integrate" ],
    "targets": [
      {
        "id": "Microsoft.VisualStudio.Services"
      }
    ],
    "contributions": [
        {
            "id": "my-hub",
            "type": "ms.vss-web.hub",
            "targets": [
                "ms.vss-code-web.code-hub-group"
            ],
            "properties": {
                "name": "My Hub",
                "uri": "hello.html"
            }
        }
    ],
    "files": [
        {
            "path": "hello.html",
            "addressable": true
        },
      {
        "path": "sdk/scripts/vss.sdk.js",
        "addressable": true
      }
    ]
}